index,lang_id
1,zul
2,zul
3,zul
4,ssw
5,zul
6,nso
7,zul
8,zul
9,zul
10,zul
11,zul
12,zul
13,zul
14,zul
15,ssw
16,zul
17,zul
18,zul
19,zul
20,zul
21,zul
22,zul
23,zul
24,zul
25,zul
26,zul
27,zul
28,afr
29,zul
30,zul
31,zul
32,xho
33,zul
34,zul
35,zul
36,zul
37,nso
38,xho
39,zul
40,zul
41,zul
42,zul
43,zul
44,zul
45,zul
46,zul
47,zul
48,zul
49,zul
50,zul
51,zul
52,zul
53,zul
54,zul
55,zul
56,zul
57,zul
58,xho
59,zul
60,sot
61,zul
62,zul
63,zul
64,zul
65,xho
66,zul
67,zul
68,zul
69,zul
70,zul
71,zul
72,zul
73,zul
74,zul
75,zul
76,zul
77,zul
78,zul
79,zul
80,zul
81,zul
82,zul
83,xho
84,zul
85,zul
86,zul
87,zul
88,zul
89,zul
90,zul
91,ssw
92,zul
93,zul
94,zul
95,zul
96,zul
97,zul
98,zul
99,zul
100,zul
101,zul
102,zul
103,nso
104,zul
105,zul
106,zul
107,zul
108,zul
109,zul
110,zul
111,xho
112,zul
113,xho
114,zul
115,zul
116,zul
117,zul
118,zul
119,zul
120,zul
121,zul
122,zul
123,zul
124,zul
125,zul
126,zul
127,zul
128,zul
129,zul
130,zul
131,zul
132,zul
133,zul
134,zul
135,zul
136,zul
137,zul
138,zul
139,zul
140,zul
141,sot
142,zul
143,zul
144,zul
145,nbl
146,zul
147,zul
148,zul
149,xho
150,zul
151,zul
152,xho
153,xho
154,zul
155,zul
156,zul
157,zul
158,zul
159,zul
160,zul
161,zul
162,zul
163,zul
164,zul
165,xho
166,sot
167,zul
168,zul
169,zul
170,nbl
171,zul
172,zul
173,zul
174,zul
175,zul
176,zul
177,zul
178,zul
179,zul
180,xho
181,zul
182,zul
183,ssw
184,zul
185,sot
186,zul
187,zul
188,zul
189,zul
190,zul
191,xho
192,tso
193,zul
194,zul
195,zul
196,zul
197,zul
198,zul
199,zul
200,zul
201,zul
202,zul
203,zul
204,zul
205,zul
206,zul
207,xho
208,zul
209,zul
210,zul
211,zul
212,tso
213,zul
214,zul
215,zul
216,zul
217,zul
218,zul
219,zul
220,zul
221,ssw
222,zul
223,afr
224,zul
225,zul
226,zul
227,zul
228,zul
229,zul
230,zul
231,zul
232,zul
233,zul
234,zul
235,zul
236,zul
237,zul
238,zul
239,zul
240,nso
241,zul
242,zul
243,zul
244,zul
245,ssw
246,zul
247,zul
248,zul
249,xho
250,zul
251,zul
252,zul
253,sot
254,afr
255,zul
256,zul
257,nso
258,zul
259,zul
260,zul
261,zul
262,zul
263,zul
264,zul
265,zul
266,zul
267,zul
268,ssw
269,zul
270,zul
271,nso
272,afr
273,zul
274,nso
275,zul
276,zul
277,zul
278,zul
279,sot
280,zul
281,zul
282,nso
283,zul
284,ssw
285,zul
286,zul
287,zul
288,zul
289,xho
290,zul
291,zul
292,zul
293,zul
294,zul
295,zul
296,zul
297,zul
298,zul
299,zul
300,zul
301,zul
302,afr
303,xho
304,zul
305,zul
306,zul
307,zul
308,sot
309,zul
310,xho
311,zul
312,zul
313,zul
314,zul
315,zul
316,zul
317,zul
318,zul
319,zul
320,zul
321,zul
322,xho
323,zul
324,zul
325,xho
326,zul
327,xho
328,zul
329,zul
330,zul
331,zul
332,zul
333,zul
334,ssw
335,zul
336,zul
337,zul
338,zul
339,zul
340,zul
341,zul
342,zul
343,zul
344,zul
345,zul
346,zul
347,zul
348,xho
349,xho
350,zul
351,zul
352,zul
353,nso
354,zul
355,zul
356,zul
357,zul
358,zul
359,zul
360,zul
361,zul
362,zul
363,zul
364,zul
365,zul
366,zul
367,zul
368,xho
369,zul
370,afr
371,zul
372,zul
373,zul
374,xho
375,zul
376,zul
377,nso
378,zul
379,zul
380,zul
381,xho
382,zul
383,xho
384,zul
385,zul
386,zul
387,zul
388,zul
389,zul
390,zul
391,zul
392,afr
393,zul
394,zul
395,zul
396,nso
397,xho
398,zul
399,zul
400,zul
401,zul
402,ssw
403,zul
404,zul
405,zul
406,zul
407,zul
408,zul
409,zul
410,zul
411,zul
412,zul
413,zul
414,zul
415,xho
416,zul
417,zul
418,zul
419,zul
420,zul
421,zul
422,zul
423,zul
424,zul
425,zul
426,zul
427,zul
428,zul
429,zul
430,zul
431,zul
432,zul
433,zul
434,zul
435,zul
436,zul
437,zul
438,zul
439,zul
440,zul
441,nso
442,zul
443,zul
444,xho
445,zul
446,zul
447,zul
448,zul
449,zul
450,zul
451,zul
452,zul
453,zul
454,zul
455,zul
456,zul
457,zul
458,zul
459,zul
460,ssw
461,zul
462,zul
463,xho
464,zul
465,zul
466,zul
467,zul
468,zul
469,zul
470,zul
471,zul
472,zul
473,zul
474,zul
475,zul
476,xho
477,xho
478,zul
479,zul
480,zul
481,zul
482,zul
483,afr
484,zul
485,zul
486,ssw
487,zul
488,zul
489,zul
490,nso
491,zul
492,zul
493,zul
494,zul
495,nso
496,zul
497,zul
498,zul
499,zul
500,zul
501,zul
502,zul
503,zul
504,zul
505,zul
506,zul
507,zul
508,zul
509,zul
510,zul
511,zul
512,nbl
513,zul
514,zul
515,zul
516,zul
517,zul
518,zul
519,zul
520,zul
521,zul
522,xho
523,zul
524,zul
525,zul
526,zul
527,zul
528,zul
529,zul
530,zul
531,zul
532,zul
533,zul
534,zul
535,zul
536,zul
537,zul
538,zul
539,zul
540,zul
541,zul
542,zul
543,zul
544,zul
545,zul
546,zul
547,xho
548,zul
549,zul
550,zul
551,zul
552,zul
553,zul
554,zul
555,zul
556,zul
557,zul
558,zul
559,zul
560,zul
561,zul
562,xho
563,afr
564,zul
565,zul
566,xho
567,zul
568,zul
569,zul
570,zul
571,zul
572,zul
573,sot
574,ssw
575,zul
576,zul
577,zul
578,ssw
579,zul
580,zul
581,xho
582,zul
583,zul
584,zul
585,zul
586,zul
587,zul
588,zul
589,zul
590,zul
591,xho
592,zul
593,zul
594,zul
595,zul
596,zul
597,ssw
598,zul
599,zul
600,zul
601,zul
602,zul
603,nso
604,nso
605,zul
606,zul
607,zul
608,zul
609,zul
610,zul
611,zul
612,zul
613,ssw
614,zul
615,zul
616,zul
617,zul
618,zul
619,zul
620,zul
621,zul
622,zul
623,xho
624,zul
625,zul
626,zul
627,xho
628,zul
629,zul
630,zul
631,zul
632,xho
633,zul
634,zul
635,zul
636,zul
637,zul
638,zul
639,zul
640,zul
641,zul
642,zul
643,zul
644,zul
645,zul
646,zul
647,zul
648,zul
649,zul
650,zul
651,zul
652,zul
653,ssw
654,zul
655,zul
656,zul
657,zul
658,zul
659,sot
660,zul
661,xho
662,zul
663,zul
664,tso
665,zul
666,zul
667,sot
668,xho
669,zul
670,zul
671,zul
672,zul
673,xho
674,zul
675,xho
676,zul
677,zul
678,zul
679,zul
680,zul
681,zul
682,zul
683,zul
684,zul
685,sot
686,xho
687,zul
688,zul
689,zul
690,zul
691,zul
692,zul
693,zul
694,zul
695,zul
696,zul
697,zul
698,zul
699,zul
700,zul
701,zul
702,zul
703,zul
704,xho
705,zul
706,zul
707,xho
708,zul
709,zul
710,zul
711,zul
712,zul
713,zul
714,zul
715,zul
716,sot
717,zul
718,zul
719,zul
720,zul
721,zul
722,zul
723,xho
724,zul
725,zul
726,zul
727,zul
728,zul
729,zul
730,zul
731,xho
732,sot
733,zul
734,zul
735,zul
736,afr
737,ssw
738,zul
739,zul
740,zul
741,zul
742,zul
743,zul
744,zul
745,zul
746,zul
747,zul
748,zul
749,zul
750,zul
751,zul
752,afr
753,xho
754,zul
755,zul
756,nso
757,xho
758,zul
759,zul
760,ssw
761,zul
762,zul
763,zul
764,zul
765,xho
766,zul
767,nso
768,zul
769,sot
770,zul
771,zul
772,zul
773,zul
774,afr
775,zul
776,zul
777,zul
778,zul
779,zul
780,zul
781,zul
782,zul
783,zul
784,zul
785,sot
786,afr
787,zul
788,zul
789,nso
790,zul
791,zul
792,zul
793,zul
794,zul
795,zul
796,zul
797,zul
798,zul
799,zul
800,ssw
801,zul
802,zul
803,zul
804,zul
805,xho
806,zul
807,zul
808,zul
809,zul
810,zul
811,zul
812,zul
813,zul
814,zul
815,nbl
816,zul
817,xho
818,zul
819,zul
820,zul
821,afr
822,zul
823,zul
824,zul
825,zul
826,zul
827,zul
828,zul
829,zul
830,zul
831,zul
832,zul
833,ssw
834,zul
835,zul
836,zul
837,zul
838,afr
839,zul
840,zul
841,zul
842,zul
843,zul
844,zul
845,zul
846,zul
847,zul
848,xho
849,zul
850,zul
851,zul
852,zul
853,zul
854,zul
855,zul
856,zul
857,afr
858,zul
859,xho
860,afr
861,zul
862,zul
863,zul
864,zul
865,xho
866,zul
867,ssw
868,zul
869,zul
870,zul
871,zul
872,zul
873,zul
874,zul
875,zul
876,sot
877,zul
878,zul
879,zul
880,zul
881,zul
882,zul
883,zul
884,zul
885,xho
886,zul
887,xho
888,zul
889,zul
890,zul
891,zul
892,zul
893,zul
894,zul
895,zul
896,zul
897,zul
898,zul
899,zul
900,zul
901,zul
902,zul
903,xho
904,zul
905,zul
906,zul
907,xho
908,xho
909,zul
910,zul
911,zul
912,zul
913,zul
914,zul
915,zul
916,nbl
917,zul
918,zul
919,zul
920,zul
921,zul
922,zul
923,zul
924,afr
925,sot
926,zul
927,sot
928,zul
929,zul
930,xho
931,zul
932,tso
933,zul
934,zul
935,zul
936,zul
937,nbl
938,zul
939,zul
940,zul
941,zul
942,zul
943,zul
944,zul
945,zul
946,zul
947,zul
948,nso
949,zul
950,zul
951,ssw
952,zul
953,sot
954,zul
955,zul
956,zul
957,xho
958,zul
959,zul
960,ssw
961,nso
962,zul
963,zul
964,zul
965,afr
966,zul
967,zul
968,tso
969,zul
970,zul
971,zul
972,zul
973,zul
974,zul
975,zul
976,zul
977,zul
978,ssw
979,zul
980,zul
981,zul
982,xho
983,afr
984,zul
985,zul
986,ssw
987,zul
988,zul
989,afr
990,zul
991,zul
992,xho
993,zul
994,zul
995,zul
996,zul
997,zul
998,afr
999,ssw
1000,zul
1001,xho
1002,zul
1003,zul
1004,zul
1005,afr
1006,zul
1007,zul
1008,zul
1009,zul
1010,xho
1011,xho
1012,zul
1013,zul
1014,xho
1015,zul
1016,zul
1017,sot
1018,afr
1019,zul
1020,zul
1021,zul
1022,zul
1023,zul
1024,zul
1025,zul
1026,afr
1027,zul
1028,zul
1029,ssw
1030,zul
1031,zul
1032,zul
1033,zul
1034,zul
1035,zul
1036,zul
1037,zul
1038,zul
1039,zul
1040,zul
1041,zul
1042,zul
1043,zul
1044,nso
1045,zul
1046,afr
1047,zul
1048,zul
1049,sot
1050,ssw
1051,zul
1052,zul
1053,zul
1054,zul
1055,zul
1056,zul
1057,zul
1058,zul
1059,zul
1060,zul
1061,zul
1062,xho
1063,zul
1064,zul
1065,zul
1066,zul
1067,zul
1068,zul
1069,zul
1070,zul
1071,zul
1072,zul
1073,zul
1074,zul
1075,zul
1076,sot
1077,zul
1078,zul
1079,zul
1080,zul
1081,zul
1082,zul
1083,zul
1084,zul
1085,zul
1086,zul
1087,zul
1088,zul
1089,nso
1090,zul
1091,zul
1092,zul
1093,zul
1094,tso
1095,xho
1096,zul
1097,zul
1098,zul
1099,zul
1100,zul
1101,zul
1102,zul
1103,zul
1104,zul
1105,nso
1106,xho
1107,zul
1108,nso
1109,zul
1110,zul
1111,xho
1112,zul
1113,zul
1114,zul
1115,zul
1116,afr
1117,zul
1118,zul
1119,zul
1120,zul
1121,zul
1122,zul
1123,zul
1124,zul
1125,zul
1126,zul
1127,zul
1128,zul
1129,zul
1130,zul
1131,sot
1132,zul
1133,zul
1134,zul
1135,zul
1136,zul
1137,zul
1138,zul
1139,zul
1140,zul
1141,zul
1142,zul
1143,zul
1144,zul
1145,zul
1146,zul
1147,zul
1148,zul
1149,zul
1150,zul
1151,zul
1152,zul
1153,nso
1154,xho
1155,zul
1156,zul
1157,zul
1158,zul
1159,zul
1160,zul
1161,zul
1162,zul
1163,zul
1164,zul
1165,zul
1166,zul
1167,xho
1168,zul
1169,zul
1170,xho
1171,zul
1172,zul
1173,zul
1174,zul
1175,zul
1176,ssw
1177,zul
1178,nbl
1179,zul
1180,zul
1181,zul
1182,zul
1183,nso
1184,nso
1185,zul
1186,zul
1187,zul
1188,zul
1189,zul
1190,zul
1191,zul
1192,zul
1193,zul
1194,xho
1195,zul
1196,zul
1197,zul
1198,zul
1199,zul
1200,zul
1201,zul
1202,zul
1203,zul
1204,xho
1205,zul
1206,afr
1207,zul
1208,zul
1209,zul
1210,zul
1211,zul
1212,zul
1213,xho
1214,zul
1215,zul
1216,zul
1217,afr
1218,ssw
1219,zul
1220,zul
1221,xho
1222,zul
1223,zul
1224,zul
1225,zul
1226,zul
1227,zul
1228,zul
1229,zul
1230,zul
1231,zul
1232,zul
1233,zul
1234,zul
1235,zul
1236,zul
1237,zul
1238,zul
1239,zul
1240,zul
1241,afr
1242,ssw
1243,zul
1244,zul
1245,zul
1246,sot
1247,zul
1248,zul
1249,zul
1250,zul
1251,zul
1252,zul
1253,nso
1254,zul
1255,nso
1256,zul
1257,zul
1258,sot
1259,zul
1260,zul
1261,zul
1262,zul
1263,zul
1264,zul
1265,zul
1266,zul
1267,zul
1268,nso
1269,nbl
1270,zul
1271,zul
1272,zul
1273,zul
1274,zul
1275,ssw
1276,zul
1277,xho
1278,xho
1279,zul
1280,zul
1281,xho
1282,zul
1283,zul
1284,zul
1285,zul
1286,zul
1287,zul
1288,zul
1289,zul
1290,zul
1291,afr
1292,zul
1293,xho
1294,zul
1295,zul
1296,zul
1297,xho
1298,sot
1299,zul
1300,nso
1301,zul
1302,ssw
1303,zul
1304,zul
1305,sot
1306,zul
1307,zul
1308,ssw
1309,afr
1310,zul
1311,zul
1312,zul
1313,zul
1314,zul
1315,zul
1316,nbl
1317,zul
1318,nbl
1319,zul
1320,zul
1321,afr
1322,zul
1323,zul
1324,zul
1325,zul
1326,zul
1327,zul
1328,tso
1329,zul
1330,zul
1331,zul
1332,zul
1333,zul
1334,zul
1335,zul
1336,zul
1337,zul
1338,zul
1339,zul
1340,zul
1341,zul
1342,zul
1343,nso
1344,nso
1345,zul
1346,zul
1347,zul
1348,zul
1349,zul
1350,zul
1351,zul
1352,xho
1353,sot
1354,zul
1355,zul
1356,xho
1357,zul
1358,zul
1359,zul
1360,zul
1361,xho
1362,zul
1363,zul
1364,afr
1365,sot
1366,zul
1367,zul
1368,zul
1369,xho
1370,zul
1371,zul
1372,zul
1373,xho
1374,xho
1375,zul
1376,zul
1377,zul
1378,zul
1379,zul
1380,zul
1381,zul
1382,zul
1383,zul
1384,zul
1385,zul
1386,xho
1387,zul
1388,zul
1389,zul
1390,zul
1391,ssw
1392,zul
1393,zul
1394,xho
1395,zul
1396,zul
1397,zul
1398,zul
1399,zul
1400,zul
1401,zul
1402,zul
1403,zul
1404,zul
1405,zul
1406,nso
1407,zul
1408,zul
1409,zul
1410,zul
1411,zul
1412,zul
1413,zul
1414,zul
1415,zul
1416,zul
1417,zul
1418,zul
1419,zul
1420,zul
1421,zul
1422,zul
1423,zul
1424,zul
1425,zul
1426,zul
1427,zul
1428,zul
1429,zul
1430,zul
1431,afr
1432,zul
1433,zul
1434,zul
1435,zul
1436,zul
1437,zul
1438,zul
1439,zul
1440,zul
1441,zul
1442,zul
1443,ssw
1444,nso
1445,zul
1446,afr
1447,zul
1448,zul
1449,xho
1450,zul
1451,zul
1452,zul
1453,zul
1454,zul
1455,zul
1456,zul
1457,zul
1458,zul
1459,zul
1460,zul
1461,xho
1462,zul
1463,zul
1464,zul
1465,zul
1466,zul
1467,zul
1468,zul
1469,zul
1470,zul
1471,xho
1472,zul
1473,zul
1474,zul
1475,zul
1476,zul
1477,zul
1478,zul
1479,zul
1480,zul
1481,zul
1482,zul
1483,zul
1484,zul
1485,zul
1486,zul
1487,zul
1488,zul
1489,afr
1490,zul
1491,zul
1492,ssw
1493,zul
1494,zul
1495,zul
1496,xho
1497,zul
1498,afr
1499,zul
1500,zul
1501,zul
1502,zul
1503,zul
1504,zul
1505,zul
1506,zul
1507,ssw
1508,zul
1509,zul
1510,zul
1511,zul
1512,zul
1513,zul
1514,zul
1515,zul
1516,xho
1517,zul
1518,zul
1519,zul
1520,zul
1521,zul
1522,zul
1523,zul
1524,zul
1525,zul
1526,zul
1527,zul
1528,zul
1529,zul
1530,afr
1531,zul
1532,zul
1533,zul
1534,zul
1535,zul
1536,zul
1537,zul
1538,afr
1539,zul
1540,zul
1541,zul
1542,nbl
1543,zul
1544,zul
1545,zul
1546,xho
1547,zul
1548,zul
1549,zul
1550,zul
1551,zul
1552,zul
1553,zul
1554,zul
1555,zul
1556,zul
1557,zul
1558,zul
1559,zul
1560,xho
1561,nbl
1562,zul
1563,zul
1564,zul
1565,zul
1566,ssw
1567,zul
1568,ssw
1569,zul
1570,xho
1571,zul
1572,zul
1573,zul
1574,zul
1575,zul
1576,zul
1577,xho
1578,zul
1579,ssw
1580,zul
1581,zul
1582,nso
1583,zul
1584,zul
1585,zul
1586,zul
1587,zul
1588,ssw
1589,zul
1590,zul
1591,zul
1592,zul
1593,zul
1594,xho
1595,zul
1596,zul
1597,zul
1598,zul
1599,zul
1600,zul
1601,xho
1602,zul
1603,zul
1604,xho
1605,zul
1606,zul
1607,zul
1608,zul
1609,zul
1610,zul
1611,zul
1612,zul
1613,zul
1614,zul
1615,zul
1616,zul
1617,zul
1618,zul
1619,zul
1620,nbl
1621,zul
1622,zul
1623,zul
1624,zul
1625,zul
1626,zul
1627,zul
1628,zul
1629,zul
1630,xho
1631,zul
1632,zul
1633,zul
1634,xho
1635,zul
1636,zul
1637,zul
1638,zul
1639,zul
1640,zul
1641,zul
1642,zul
1643,zul
1644,zul
1645,zul
1646,zul
1647,zul
1648,xho
1649,zul
1650,zul
1651,zul
1652,nso
1653,xho
1654,zul
1655,zul
1656,zul
1657,zul
1658,zul
1659,zul
1660,zul
1661,tso
1662,zul
1663,xho
1664,zul
1665,zul
1666,zul
1667,zul
1668,zul
1669,zul
1670,zul
1671,zul
1672,xho
1673,zul
1674,zul
1675,zul
1676,zul
1677,afr
1678,zul
1679,zul
1680,zul
1681,zul
1682,sot
1683,afr
1684,zul
1685,zul
1686,zul
1687,zul
1688,zul
1689,zul
1690,zul
1691,zul
1692,zul
1693,zul
1694,sot
1695,sot
1696,zul
1697,xho
1698,zul
1699,zul
1700,zul
1701,zul
1702,zul
1703,zul
1704,zul
1705,nso
1706,zul
1707,zul
1708,zul
1709,zul
1710,afr
1711,zul
1712,zul
1713,zul
1714,xho
1715,zul
1716,zul
1717,zul
1718,zul
1719,zul
1720,zul
1721,xho
1722,zul
1723,zul
1724,zul
1725,zul
1726,zul
1727,nso
1728,zul
1729,zul
1730,zul
1731,zul
1732,afr
1733,zul
1734,zul
1735,zul
1736,zul
1737,zul
1738,xho
1739,zul
1740,zul
1741,zul
1742,xho
1743,zul
1744,zul
1745,zul
1746,zul
1747,zul
1748,zul
1749,zul
1750,zul
1751,zul
1752,zul
1753,zul
1754,afr
1755,zul
1756,zul
1757,zul
1758,zul
1759,zul
1760,zul
1761,zul
1762,zul
1763,xho
1764,zul
1765,zul
1766,zul
1767,zul
1768,zul
1769,zul
1770,zul
1771,zul
1772,zul
1773,zul
1774,zul
1775,zul
1776,zul
1777,zul
1778,zul
1779,zul
1780,zul
1781,zul
1782,zul
1783,zul
1784,nso
1785,zul
1786,zul
1787,nbl
1788,xho
1789,zul
1790,zul
1791,zul
1792,zul
1793,zul
1794,zul
1795,ssw
1796,zul
1797,zul
1798,xho
1799,zul
1800,zul
1801,zul
1802,zul
1803,nso
1804,zul
1805,zul
1806,ssw
1807,zul
1808,zul
1809,xho
1810,zul
1811,zul
1812,ssw
1813,zul
1814,zul
1815,zul
1816,zul
1817,xho
1818,nso
1819,zul
1820,zul
1821,zul
1822,nbl
1823,afr
1824,zul
1825,zul
1826,zul
1827,zul
1828,xho
1829,zul
1830,zul
1831,zul
1832,zul
1833,zul
1834,zul
1835,zul
1836,zul
1837,zul
1838,zul
1839,zul
1840,zul
1841,xho
1842,nso
1843,nbl
1844,zul
1845,xho
1846,zul
1847,zul
1848,zul
1849,zul
1850,zul
1851,zul
1852,zul
1853,zul
1854,zul
1855,zul
1856,zul
1857,zul
1858,zul
1859,nso
1860,zul
1861,zul
1862,nbl
1863,ssw
1864,ssw
1865,zul
1866,zul
1867,zul
1868,xho
1869,zul
1870,zul
1871,zul
1872,zul
1873,zul
1874,zul
1875,zul
1876,zul
1877,zul
1878,zul
1879,zul
1880,zul
1881,zul
1882,zul
1883,zul
1884,zul
1885,zul
1886,zul
1887,zul
1888,zul
1889,zul
1890,zul
1891,zul
1892,zul
1893,zul
1894,zul
1895,zul
1896,zul
1897,sot
1898,zul
1899,zul
1900,zul
1901,zul
1902,zul
1903,zul
1904,zul
1905,zul
1906,zul
1907,zul
1908,zul
1909,zul
1910,zul
1911,nso
1912,zul
1913,zul
1914,afr
1915,zul
1916,xho
1917,zul
1918,nbl
1919,zul
1920,zul
1921,zul
1922,zul
1923,zul
1924,zul
1925,zul
1926,zul
1927,zul
1928,zul
1929,zul
1930,zul
1931,zul
1932,zul
1933,zul
1934,xho
1935,zul
1936,zul
1937,xho
1938,zul
1939,zul
1940,zul
1941,zul
1942,zul
1943,zul
1944,zul
1945,zul
1946,zul
1947,zul
1948,zul
1949,xho
1950,zul
1951,zul
1952,zul
1953,nso
1954,zul
1955,zul
1956,zul
1957,zul
1958,zul
1959,zul
1960,zul
1961,zul
1962,afr
1963,zul
1964,ssw
1965,zul
1966,zul
1967,zul
1968,zul
1969,zul
1970,zul
1971,xho
1972,zul
1973,ssw
1974,zul
1975,zul
1976,zul
1977,xho
1978,zul
1979,zul
1980,zul
1981,zul
1982,zul
1983,nso
1984,zul
1985,zul
1986,zul
1987,zul
1988,zul
1989,sot
1990,zul
1991,zul
1992,xho
1993,zul
1994,nso
1995,zul
1996,zul
1997,zul
1998,zul
1999,xho
2000,xho
2001,zul
2002,zul
2003,zul
2004,xho
2005,zul
2006,zul
2007,zul
2008,xho
2009,sot
2010,zul
2011,zul
2012,zul
2013,zul
2014,zul
2015,zul
2016,zul
2017,zul
2018,zul
2019,zul
2020,zul
2021,zul
2022,zul
2023,tso
2024,zul
2025,zul
2026,zul
2027,zul
2028,zul
2029,xho
2030,zul
2031,zul
2032,xho
2033,zul
2034,zul
2035,zul
2036,zul
2037,zul
2038,tso
2039,zul
2040,zul
2041,zul
2042,zul
2043,zul
2044,zul
2045,nso
2046,zul
2047,zul
2048,zul
2049,zul
2050,zul
2051,ssw
2052,zul
2053,zul
2054,zul
2055,zul
2056,zul
2057,zul
2058,nso
2059,zul
2060,afr
2061,zul
2062,xho
2063,zul
2064,zul
2065,zul
2066,zul
2067,zul
2068,zul
2069,xho
2070,xho
2071,zul
2072,zul
2073,zul
2074,zul
2075,zul
2076,zul
2077,afr
2078,zul
2079,zul
2080,zul
2081,zul
2082,zul
2083,zul
2084,zul
2085,xho
2086,zul
2087,zul
2088,zul
2089,zul
2090,ssw
2091,zul
2092,sot
2093,zul
2094,nbl
2095,xho
2096,zul
2097,xho
2098,zul
2099,zul
2100,zul
2101,zul
2102,zul
2103,zul
2104,zul
2105,zul
2106,zul
2107,zul
2108,zul
2109,zul
2110,zul
2111,zul
2112,zul
2113,zul
2114,zul
2115,nso
2116,zul
2117,nso
2118,zul
2119,zul
2120,xho
2121,zul
2122,zul
2123,zul
2124,zul
2125,zul
2126,afr
2127,zul
2128,zul
2129,zul
2130,zul
2131,zul
2132,nso
2133,nso
2134,zul
2135,zul
2136,zul
2137,zul
2138,zul
2139,zul
2140,zul
2141,zul
2142,zul
2143,zul
2144,zul
2145,zul
2146,zul
2147,zul
2148,zul
2149,zul
2150,zul
2151,xho
2152,zul
2153,zul
2154,zul
2155,zul
2156,zul
2157,zul
2158,zul
2159,zul
2160,zul
2161,afr
2162,zul
2163,xho
2164,xho
2165,zul
2166,zul
2167,zul
2168,zul
2169,zul
2170,zul
2171,ssw
2172,zul
2173,zul
2174,zul
2175,zul
2176,zul
2177,zul
2178,zul
2179,zul
2180,zul
2181,xho
2182,zul
2183,zul
2184,xho
2185,zul
2186,zul
2187,zul
2188,zul
2189,zul
2190,ssw
2191,ssw
2192,zul
2193,zul
2194,zul
2195,zul
2196,zul
2197,zul
2198,zul
2199,afr
2200,zul
2201,zul
2202,zul
2203,zul
2204,zul
2205,zul
2206,zul
2207,zul
2208,zul
2209,zul
2210,ssw
2211,zul
2212,ssw
2213,zul
2214,zul
2215,zul
2216,zul
2217,zul
2218,afr
2219,zul
2220,xho
2221,nso
2222,xho
2223,zul
2224,zul
2225,ssw
2226,zul
2227,zul
2228,zul
2229,xho
2230,zul
2231,zul
2232,zul
2233,zul
2234,zul
2235,zul
2236,zul
2237,zul
2238,zul
2239,zul
2240,ssw
2241,zul
2242,zul
2243,zul
2244,zul
2245,xho
2246,zul
2247,zul
2248,xho
2249,zul
2250,zul
2251,zul
2252,zul
2253,zul
2254,zul
2255,zul
2256,xho
2257,zul
2258,zul
2259,zul
2260,zul
2261,zul
2262,zul
2263,zul
2264,zul
2265,afr
2266,tso
2267,zul
2268,zul
2269,zul
2270,zul
2271,sot
2272,zul
2273,zul
2274,xho
2275,zul
2276,zul
2277,sot
2278,zul
2279,zul
2280,zul
2281,zul
2282,zul
2283,zul
2284,zul
2285,zul
2286,zul
2287,zul
2288,zul
2289,zul
2290,zul
2291,tso
2292,afr
2293,xho
2294,zul
2295,ssw
2296,xho
2297,zul
2298,zul
2299,zul
2300,zul
2301,zul
2302,zul
2303,zul
2304,zul
2305,afr
2306,zul
2307,zul
2308,zul
2309,zul
2310,zul
2311,zul
2312,zul
2313,ssw
2314,zul
2315,nso
2316,zul
2317,xho
2318,zul
2319,zul
2320,zul
2321,zul
2322,sot
2323,zul
2324,zul
2325,zul
2326,zul
2327,zul
2328,ssw
2329,zul
2330,zul
2331,zul
2332,zul
2333,zul
2334,zul
2335,zul
2336,zul
2337,zul
2338,zul
2339,nso
2340,zul
2341,zul
2342,zul
2343,zul
2344,xho
2345,zul
2346,zul
2347,zul
2348,zul
2349,zul
2350,zul
2351,zul
2352,zul
2353,afr
2354,zul
2355,ssw
2356,zul
2357,zul
2358,zul
2359,zul
2360,zul
2361,xho
2362,zul
2363,zul
2364,xho
2365,zul
2366,zul
2367,zul
2368,zul
2369,zul
2370,zul
2371,zul
2372,zul
2373,xho
2374,zul
2375,ssw
2376,zul
2377,zul
2378,zul
2379,afr
2380,zul
2381,zul
2382,zul
2383,zul
2384,zul
2385,nso
2386,zul
2387,zul
2388,zul
2389,zul
2390,zul
2391,zul
2392,xho
2393,zul
2394,ssw
2395,zul
2396,sot
2397,zul
2398,afr
2399,zul
2400,zul
2401,xho
2402,zul
2403,zul
2404,afr
2405,zul
2406,zul
2407,zul
2408,afr
2409,zul
2410,zul
2411,zul
2412,zul
2413,zul
2414,zul
2415,zul
2416,zul
2417,zul
2418,zul
2419,zul
2420,zul
2421,zul
2422,zul
2423,zul
2424,zul
2425,afr
2426,zul
2427,afr
2428,zul
2429,zul
2430,zul
2431,zul
2432,zul
2433,zul
2434,ssw
2435,zul
2436,xho
2437,xho
2438,nbl
2439,zul
2440,xho
2441,zul
2442,zul
2443,zul
2444,zul
2445,zul
2446,zul
2447,zul
2448,zul
2449,nbl
2450,zul
2451,zul
2452,zul
2453,xho
2454,zul
2455,zul
2456,zul
2457,zul
2458,nbl
2459,sot
2460,zul
2461,afr
2462,zul
2463,zul
2464,zul
2465,zul
2466,zul
2467,zul
2468,zul
2469,zul
2470,xho
2471,afr
2472,zul
2473,zul
2474,ssw
2475,zul
2476,xho
2477,zul
2478,zul
2479,zul
2480,zul
2481,zul
2482,zul
2483,zul
2484,zul
2485,zul
2486,zul
2487,xho
2488,xho
2489,zul
2490,zul
2491,zul
2492,zul
2493,sot
2494,zul
2495,zul
2496,zul
2497,ssw
2498,zul
2499,zul
2500,xho
2501,zul
2502,zul
2503,zul
2504,zul
2505,nbl
2506,sot
2507,zul
2508,zul
2509,xho
2510,zul
2511,zul
2512,zul
2513,nso
2514,zul
2515,zul
2516,zul
2517,zul
2518,zul
2519,zul
2520,zul
2521,zul
2522,zul
2523,zul
2524,zul
2525,zul
2526,zul
2527,zul
2528,zul
2529,zul
2530,xho
2531,zul
2532,zul
2533,zul
2534,zul
2535,zul
2536,zul
2537,nso
2538,afr
2539,zul
2540,zul
2541,afr
2542,zul
2543,zul
2544,zul
2545,zul
2546,zul
2547,zul
2548,zul
2549,afr
2550,xho
2551,zul
2552,zul
2553,zul
2554,zul
2555,zul
2556,sot
2557,zul
2558,ssw
2559,zul
2560,zul
2561,zul
2562,zul
2563,zul
2564,zul
2565,xho
2566,zul
2567,zul
2568,zul
2569,nso
2570,zul
2571,zul
2572,zul
2573,zul
2574,zul
2575,zul
2576,zul
2577,xho
2578,zul
2579,sot
2580,zul
2581,zul
2582,zul
2583,zul
2584,zul
2585,zul
2586,nso
2587,zul
2588,zul
2589,zul
2590,zul
2591,zul
2592,zul
2593,zul
2594,zul
2595,zul
2596,zul
2597,zul
2598,zul
2599,zul
2600,zul
2601,zul
2602,zul
2603,zul
2604,afr
2605,afr
2606,zul
2607,zul
2608,zul
2609,zul
2610,zul
2611,zul
2612,zul
2613,zul
2614,zul
2615,zul
2616,zul
2617,xho
2618,zul
2619,xho
2620,zul
2621,zul
2622,zul
2623,zul
2624,zul
2625,zul
2626,zul
2627,zul
2628,zul
2629,zul
2630,zul
2631,zul
2632,xho
2633,zul
2634,zul
2635,zul
2636,nbl
2637,zul
2638,zul
2639,zul
2640,zul
2641,afr
2642,zul
2643,zul
2644,afr
2645,zul
2646,zul
2647,sot
2648,zul
2649,zul
2650,zul
2651,zul
2652,zul
2653,zul
2654,zul
2655,xho
2656,zul
2657,zul
2658,zul
2659,zul
2660,zul
2661,zul
2662,zul
2663,ssw
2664,zul
2665,xho
2666,zul
2667,zul
2668,zul
2669,zul
2670,zul
2671,zul
2672,zul
2673,zul
2674,zul
2675,zul
2676,zul
2677,zul
2678,ssw
2679,zul
2680,zul
2681,zul
2682,zul
2683,zul
2684,ssw
2685,zul
2686,zul
2687,zul
2688,zul
2689,zul
2690,zul
2691,zul
2692,zul
2693,xho
2694,zul
2695,zul
2696,zul
2697,zul
2698,zul
2699,zul
2700,zul
2701,zul
2702,zul
2703,zul
2704,zul
2705,zul
2706,zul
2707,zul
2708,zul
2709,zul
2710,zul
2711,zul
2712,xho
2713,zul
2714,zul
2715,ssw
2716,zul
2717,zul
2718,zul
2719,zul
2720,afr
2721,zul
2722,zul
2723,zul
2724,zul
2725,zul
2726,afr
2727,zul
2728,zul
2729,zul
2730,zul
2731,zul
2732,zul
2733,xho
2734,zul
2735,zul
2736,zul
2737,zul
2738,zul
2739,zul
2740,zul
2741,zul
2742,zul
2743,nso
2744,zul
2745,zul
2746,xho
2747,afr
2748,zul
2749,zul
2750,zul
2751,zul
2752,zul
2753,xho
2754,zul
2755,zul
2756,zul
2757,zul
2758,zul
2759,zul
2760,zul
2761,zul
2762,zul
2763,zul
2764,zul
2765,zul
2766,zul
2767,zul
2768,zul
2769,zul
2770,zul
2771,zul
2772,zul
2773,zul
2774,zul
2775,zul
2776,zul
2777,xho
2778,zul
2779,afr
2780,zul
2781,zul
2782,zul
2783,zul
2784,xho
2785,zul
2786,zul
2787,zul
2788,xho
2789,zul
2790,zul
2791,zul
2792,zul
2793,zul
2794,zul
2795,zul
2796,zul
2797,zul
2798,nso
2799,zul
2800,zul
2801,zul
2802,ssw
2803,afr
2804,xho
2805,zul
2806,zul
2807,xho
2808,zul
2809,afr
2810,zul
2811,zul
2812,zul
2813,zul
2814,zul
2815,xho
2816,zul
2817,zul
2818,ssw
2819,zul
2820,zul
2821,zul
2822,zul
2823,zul
2824,zul
2825,zul
2826,zul
2827,zul
2828,zul
2829,zul
2830,zul
2831,xho
2832,zul
2833,xho
2834,zul
2835,zul
2836,afr
2837,zul
2838,tso
2839,zul
2840,xho
2841,zul
2842,ssw
2843,zul
2844,zul
2845,zul
2846,afr
2847,zul
2848,zul
2849,zul
2850,ssw
2851,ssw
2852,zul
2853,zul
2854,zul
2855,zul
2856,zul
2857,zul
2858,zul
2859,zul
2860,xho
2861,zul
2862,zul
2863,zul
2864,zul
2865,xho
2866,zul
2867,zul
2868,zul
2869,zul
2870,zul
2871,afr
2872,zul
2873,zul
2874,zul
2875,zul
2876,ven
2877,zul
2878,zul
2879,xho
2880,zul
2881,zul
2882,zul
2883,zul
2884,zul
2885,zul
2886,xho
2887,zul
2888,zul
2889,xho
2890,zul
2891,zul
2892,nso
2893,zul
2894,ssw
2895,zul
2896,zul
2897,nbl
2898,zul
2899,zul
2900,zul
2901,zul
2902,zul
2903,zul
2904,zul
2905,sot
2906,nso
2907,zul
2908,xho
2909,zul
2910,zul
2911,zul
2912,zul
2913,zul
2914,zul
2915,zul
2916,zul
2917,ssw
2918,zul
2919,zul
2920,zul
2921,zul
2922,zul
2923,zul
2924,zul
2925,zul
2926,afr
2927,xho
2928,ssw
2929,zul
2930,zul
2931,xho
2932,zul
2933,zul
2934,zul
2935,zul
2936,zul
2937,zul
2938,zul
2939,nso
2940,zul
2941,zul
2942,zul
2943,zul
2944,zul
2945,sot
2946,zul
2947,zul
2948,nbl
2949,zul
2950,zul
2951,zul
2952,zul
2953,zul
2954,zul
2955,zul
2956,zul
2957,zul
2958,zul
2959,zul
2960,zul
2961,zul
2962,zul
2963,ssw
2964,zul
2965,xho
2966,zul
2967,nso
2968,zul
2969,zul
2970,zul
2971,zul
2972,zul
2973,zul
2974,zul
2975,nso
2976,zul
2977,zul
2978,zul
2979,xho
2980,nso
2981,zul
2982,zul
2983,xho
2984,zul
2985,ssw
2986,zul
2987,zul
2988,zul
2989,zul
2990,zul
2991,zul
2992,ssw
2993,zul
2994,zul
2995,zul
2996,sot
2997,zul
2998,zul
2999,zul
3000,zul
3001,zul
3002,zul
3003,ssw
3004,zul
3005,zul
3006,zul
3007,zul
3008,xho
3009,zul
3010,zul
3011,zul
3012,zul
3013,zul
3014,zul
3015,zul
3016,zul
3017,zul
3018,zul
3019,zul
3020,xho
3021,zul
3022,sot
3023,zul
3024,zul
3025,zul
3026,zul
3027,zul
3028,zul
3029,zul
3030,zul
3031,xho
3032,ssw
3033,zul
3034,zul
3035,zul
3036,zul
3037,xho
3038,zul
3039,zul
3040,zul
3041,zul
3042,nso
3043,zul
3044,zul
3045,zul
3046,zul
3047,ssw
3048,zul
3049,zul
3050,zul
3051,zul
3052,zul
3053,ssw
3054,zul
3055,zul
3056,zul
3057,zul
3058,zul
3059,zul
3060,zul
3061,zul
3062,zul
3063,zul
3064,zul
3065,xho
3066,zul
3067,xho
3068,zul
3069,zul
3070,zul
3071,zul
3072,zul
3073,zul
3074,zul
3075,zul
3076,zul
3077,zul
3078,zul
3079,zul
3080,zul
3081,zul
3082,zul
3083,zul
3084,zul
3085,zul
3086,zul
3087,zul
3088,zul
3089,zul
3090,zul
3091,zul
3092,nso
3093,sot
3094,zul
3095,zul
3096,zul
3097,zul
3098,xho
3099,xho
3100,xho
3101,zul
3102,zul
3103,zul
3104,sot
3105,zul
3106,zul
3107,zul
3108,zul
3109,xho
3110,zul
3111,zul
3112,zul
3113,zul
3114,zul
3115,zul
3116,zul
3117,afr
3118,zul
3119,zul
3120,zul
3121,zul
3122,zul
3123,xho
3124,zul
3125,zul
3126,zul
3127,zul
3128,zul
3129,zul
3130,zul
3131,zul
3132,zul
3133,zul
3134,zul
3135,xho
3136,zul
3137,zul
3138,zul
3139,zul
3140,afr
3141,zul
3142,zul
3143,zul
3144,zul
3145,zul
3146,xho
3147,zul
3148,zul
3149,zul
3150,ssw
3151,zul
3152,zul
3153,zul
3154,xho
3155,zul
3156,xho
3157,zul
3158,xho
3159,zul
3160,zul
3161,zul
3162,xho
3163,zul
3164,zul
3165,zul
3166,zul
3167,zul
3168,afr
3169,zul
3170,zul
3171,zul
3172,afr
3173,zul
3174,zul
3175,zul
3176,afr
3177,zul
3178,zul
3179,zul
3180,zul
3181,zul
3182,zul
3183,ssw
3184,xho
3185,xho
3186,zul
3187,zul
3188,zul
3189,zul
3190,zul
3191,zul
3192,tso
3193,zul
3194,nso
3195,xho
3196,zul
3197,xho
3198,zul
3199,xho
3200,zul
3201,xho
3202,zul
3203,zul
3204,zul
3205,zul
3206,zul
3207,zul
3208,xho
3209,zul
3210,nso
3211,xho
3212,xho
3213,zul
3214,zul
3215,xho
3216,zul
3217,zul
3218,zul
3219,zul
3220,zul
3221,zul
3222,zul
3223,zul
3224,zul
3225,zul
3226,zul
3227,zul
3228,nso
3229,zul
3230,nso
3231,zul
3232,zul
3233,zul
3234,zul
3235,zul
3236,zul
3237,zul
3238,zul
3239,xho
3240,zul
3241,zul
3242,zul
3243,zul
3244,zul
3245,zul
3246,zul
3247,zul
3248,zul
3249,zul
3250,zul
3251,zul
3252,zul
3253,zul
3254,zul
3255,xho
3256,zul
3257,zul
3258,zul
3259,zul
3260,zul
3261,zul
3262,zul
3263,zul
3264,zul
3265,zul
3266,zul
3267,ssw
3268,zul
3269,xho
3270,zul
3271,zul
3272,zul
3273,zul
3274,afr
3275,zul
3276,zul
3277,zul
3278,xho
3279,zul
3280,zul
3281,zul
3282,zul
3283,zul
3284,zul
3285,zul
3286,zul
3287,zul
3288,zul
3289,zul
3290,zul
3291,zul
3292,zul
3293,zul
3294,zul
3295,afr
3296,xho
3297,zul
3298,zul
3299,zul
3300,zul
3301,zul
3302,zul
3303,zul
3304,zul
3305,zul
3306,zul
3307,zul
3308,zul
3309,zul
3310,xho
3311,zul
3312,zul
3313,zul
3314,zul
3315,zul
3316,zul
3317,zul
3318,zul
3319,afr
3320,zul
3321,zul
3322,zul
3323,zul
3324,zul
3325,zul
3326,zul
3327,zul
3328,zul
3329,xho
3330,zul
3331,zul
3332,zul
3333,zul
3334,zul
3335,zul
3336,xho
3337,zul
3338,xho
3339,zul
3340,zul
3341,zul
3342,tso
3343,zul
3344,zul
3345,zul
3346,ssw
3347,zul
3348,zul
3349,nso
3350,zul
3351,zul
3352,zul
3353,zul
3354,zul
3355,zul
3356,sot
3357,zul
3358,zul
3359,zul
3360,zul
3361,zul
3362,zul
3363,zul
3364,zul
3365,zul
3366,zul
3367,zul
3368,zul
3369,zul
3370,zul
3371,zul
3372,zul
3373,zul
3374,zul
3375,zul
3376,zul
3377,xho
3378,zul
3379,afr
3380,zul
3381,xho
3382,zul
3383,zul
3384,xho
3385,zul
3386,zul
3387,zul
3388,zul
3389,tso
3390,zul
3391,zul
3392,zul
3393,zul
3394,zul
3395,xho
3396,zul
3397,zul
3398,zul
3399,zul
3400,zul
3401,nbl
3402,zul
3403,zul
3404,zul
3405,zul
3406,zul
3407,zul
3408,zul
3409,zul
3410,xho
3411,ssw
3412,zul
3413,zul
3414,zul
3415,zul
3416,xho
3417,nbl
3418,zul
3419,zul
3420,zul
3421,zul
3422,ssw
3423,zul
3424,zul
3425,zul
3426,zul
3427,zul
3428,zul
3429,zul
3430,zul
3431,zul
3432,zul
3433,zul
3434,zul
3435,nso
3436,zul
3437,xho
3438,zul
3439,xho
3440,tso
3441,zul
3442,zul
3443,zul
3444,zul
3445,zul
3446,zul
3447,zul
3448,zul
3449,zul
3450,zul
3451,zul
3452,xho
3453,zul
3454,zul
3455,zul
3456,zul
3457,zul
3458,xho
3459,zul
3460,zul
3461,zul
3462,zul
3463,zul
3464,sot
3465,zul
3466,zul
3467,zul
3468,tso
3469,ssw
3470,zul
3471,zul
3472,zul
3473,zul
3474,zul
3475,xho
3476,zul
3477,afr
3478,zul
3479,zul
3480,zul
3481,zul
3482,xho
3483,nso
3484,xho
3485,zul
3486,zul
3487,zul
3488,zul
3489,zul
3490,xho
3491,zul
3492,zul
3493,zul
3494,zul
3495,zul
3496,zul
3497,zul
3498,zul
3499,zul
3500,zul
3501,zul
3502,zul
3503,zul
3504,xho
3505,zul
3506,zul
3507,zul
3508,zul
3509,zul
3510,zul
3511,zul
3512,zul
3513,zul
3514,xho
3515,zul
3516,zul
3517,zul
3518,zul
3519,zul
3520,zul
3521,zul
3522,zul
3523,zul
3524,zul
3525,zul
3526,zul
3527,zul
3528,zul
3529,zul
3530,zul
3531,zul
3532,zul
3533,zul
3534,zul
3535,zul
3536,zul
3537,zul
3538,zul
3539,zul
3540,zul
3541,xho
3542,zul
3543,zul
3544,zul
3545,zul
3546,zul
3547,zul
3548,zul
3549,zul
3550,zul
3551,zul
3552,zul
3553,zul
3554,zul
3555,zul
3556,zul
3557,zul
3558,zul
3559,zul
3560,zul
3561,nso
3562,zul
3563,zul
3564,zul
3565,zul
3566,zul
3567,zul
3568,zul
3569,zul
3570,ssw
3571,zul
3572,nso
3573,zul
3574,zul
3575,zul
3576,nbl
3577,zul
3578,zul
3579,zul
3580,zul
3581,zul
3582,zul
3583,zul
3584,zul
3585,zul
3586,zul
3587,zul
3588,zul
3589,zul
3590,zul
3591,zul
3592,zul
3593,zul
3594,zul
3595,zul
3596,zul
3597,zul
3598,zul
3599,zul
3600,zul
3601,zul
3602,zul
3603,zul
3604,zul
3605,zul
3606,afr
3607,zul
3608,zul
3609,zul
3610,zul
3611,zul
3612,zul
3613,zul
3614,zul
3615,zul
3616,zul
3617,zul
3618,zul
3619,zul
3620,ssw
3621,zul
3622,zul
3623,zul
3624,zul
3625,zul
3626,zul
3627,zul
3628,zul
3629,zul
3630,zul
3631,zul
3632,sot
3633,afr
3634,zul
3635,zul
3636,zul
3637,zul
3638,zul
3639,sot
3640,zul
3641,zul
3642,zul
3643,zul
3644,zul
3645,afr
3646,zul
3647,zul
3648,zul
3649,xho
3650,zul
3651,zul
3652,zul
3653,zul
3654,zul
3655,ssw
3656,zul
3657,zul
3658,zul
3659,ssw
3660,zul
3661,zul
3662,zul
3663,zul
3664,zul
3665,zul
3666,zul
3667,zul
3668,xho
3669,ssw
3670,zul
3671,xho
3672,zul
3673,zul
3674,xho
3675,zul
3676,zul
3677,zul
3678,zul
3679,xho
3680,zul
3681,nbl
3682,zul
3683,zul
3684,zul
3685,zul
3686,zul
3687,zul
3688,zul
3689,zul
3690,zul
3691,zul
3692,zul
3693,zul
3694,xho
3695,zul
3696,zul
3697,zul
3698,zul
3699,zul
3700,zul
3701,zul
3702,xho
3703,zul
3704,zul
3705,zul
3706,zul
3707,zul
3708,zul
3709,zul
3710,zul
3711,zul
3712,zul
3713,zul
3714,zul
3715,zul
3716,nbl
3717,afr
3718,zul
3719,zul
3720,zul
3721,xho
3722,xho
3723,zul
3724,zul
3725,zul
3726,zul
3727,zul
3728,zul
3729,zul
3730,zul
3731,ssw
3732,zul
3733,zul
3734,zul
3735,xho
3736,zul
3737,zul
3738,zul
3739,zul
3740,zul
3741,zul
3742,zul
3743,zul
3744,zul
3745,zul
3746,zul
3747,zul
3748,nso
3749,zul
3750,zul
3751,zul
3752,zul
3753,zul
3754,zul
3755,nbl
3756,zul
3757,zul
3758,zul
3759,zul
3760,zul
3761,xho
3762,zul
3763,zul
3764,zul
3765,zul
3766,zul
3767,zul
3768,zul
3769,zul
3770,zul
3771,zul
3772,xho
3773,zul
3774,sot
3775,zul
3776,zul
3777,zul
3778,ssw
3779,zul
3780,zul
3781,zul
3782,zul
3783,zul
3784,zul
3785,zul
3786,zul
3787,zul
3788,xho
3789,zul
3790,zul
3791,zul
3792,zul
3793,zul
3794,zul
3795,afr
3796,zul
3797,nso
3798,ssw
3799,nbl
3800,zul
3801,xho
3802,zul
3803,zul
3804,zul
3805,zul
3806,zul
3807,zul
3808,zul
3809,zul
3810,zul
3811,zul
3812,zul
3813,zul
3814,zul
3815,ssw
3816,zul
3817,ssw
3818,zul
3819,zul
3820,zul
3821,zul
3822,zul
3823,zul
3824,nso
3825,xho
3826,zul
3827,zul
3828,zul
3829,zul
3830,zul
3831,ssw
3832,zul
3833,zul
3834,zul
3835,zul
3836,zul
3837,ssw
3838,zul
3839,zul
3840,zul
3841,zul
3842,zul
3843,zul
3844,zul
3845,zul
3846,zul
3847,zul
3848,zul
3849,zul
3850,xho
3851,zul
3852,zul
3853,zul
3854,zul
3855,nso
3856,zul
3857,zul
3858,afr
3859,sot
3860,zul
3861,zul
3862,zul
3863,xho
3864,xho
3865,ssw
3866,zul
3867,zul
3868,zul
3869,zul
3870,zul
3871,zul
3872,zul
3873,zul
3874,ssw
3875,zul
3876,zul
3877,zul
3878,zul
3879,xho
3880,zul
3881,zul
3882,zul
3883,zul
3884,zul
3885,zul
3886,zul
3887,zul
3888,zul
3889,zul
3890,zul
3891,zul
3892,zul
3893,zul
3894,zul
3895,zul
3896,ssw
3897,zul
3898,zul
3899,zul
3900,zul
3901,zul
3902,zul
3903,zul
3904,zul
3905,zul
3906,nso
3907,zul
3908,xho
3909,zul
3910,zul
3911,zul
3912,xho
3913,zul
3914,zul
3915,zul
3916,zul
3917,zul
3918,zul
3919,zul
3920,xho
3921,ssw
3922,zul
3923,zul
3924,zul
3925,zul
3926,zul
3927,zul
3928,zul
3929,zul
3930,zul
3931,zul
3932,xho
3933,zul
3934,nso
3935,zul
3936,xho
3937,zul
3938,zul
3939,zul
3940,zul
3941,zul
3942,zul
3943,zul
3944,tso
3945,zul
3946,nso
3947,zul
3948,zul
3949,xho
3950,sot
3951,zul
3952,zul
3953,zul
3954,zul
3955,zul
3956,zul
3957,zul
3958,afr
3959,zul
3960,zul
3961,zul
3962,xho
3963,zul
3964,zul
3965,zul
3966,zul
3967,zul
3968,xho
3969,zul
3970,zul
3971,zul
3972,xho
3973,zul
3974,zul
3975,ssw
3976,zul
3977,zul
3978,nso
3979,zul
3980,zul
3981,zul
3982,ssw
3983,zul
3984,zul
3985,sot
3986,zul
3987,zul
3988,zul
3989,zul
3990,zul
3991,zul
3992,xho
3993,afr
3994,zul
3995,zul
3996,zul
3997,zul
3998,xho
3999,zul
4000,zul
4001,zul
4002,zul
4003,zul
4004,zul
4005,zul
4006,zul
4007,zul
4008,xho
4009,zul
4010,nso
4011,xho
4012,zul
4013,zul
4014,zul
4015,zul
4016,zul
4017,zul
4018,zul
4019,nbl
4020,zul
4021,xho
4022,zul
4023,zul
4024,zul
4025,zul
4026,zul
4027,zul
4028,zul
4029,zul
4030,zul
4031,zul
4032,zul
4033,zul
4034,afr
4035,zul
4036,zul
4037,zul
4038,zul
4039,zul
4040,zul
4041,ssw
4042,zul
4043,zul
4044,xho
4045,zul
4046,zul
4047,zul
4048,zul
4049,xho
4050,zul
4051,zul
4052,zul
4053,zul
4054,zul
4055,zul
4056,zul
4057,zul
4058,zul
4059,zul
4060,afr
4061,zul
4062,zul
4063,zul
4064,zul
4065,sot
4066,zul
4067,zul
4068,zul
4069,xho
4070,sot
4071,zul
4072,zul
4073,nso
4074,xho
4075,zul
4076,zul
4077,zul
4078,zul
4079,zul
4080,zul
4081,xho
4082,zul
4083,zul
4084,zul
4085,zul
4086,afr
4087,zul
4088,sot
4089,zul
4090,tso
4091,zul
4092,zul
4093,zul
4094,zul
4095,zul
4096,zul
4097,zul
4098,zul
4099,zul
4100,zul
4101,zul
4102,zul
4103,xho
4104,zul
4105,zul
4106,xho
4107,zul
4108,afr
4109,xho
4110,zul
4111,xho
4112,zul
4113,zul
4114,xho
4115,zul
4116,zul
4117,zul
4118,zul
4119,zul
4120,zul
4121,afr
4122,nso
4123,zul
4124,zul
4125,zul
4126,zul
4127,zul
4128,zul
4129,zul
4130,zul
4131,zul
4132,zul
4133,zul
4134,zul
4135,zul
4136,zul
4137,zul
4138,zul
4139,ssw
4140,zul
4141,xho
4142,ssw
4143,zul
4144,zul
4145,xho
4146,zul
4147,zul
4148,zul
4149,zul
4150,zul
4151,nso
4152,zul
4153,zul
4154,zul
4155,zul
4156,zul
4157,zul
4158,zul
4159,nbl
4160,zul
4161,zul
4162,zul
4163,zul
4164,zul
4165,zul
4166,zul
4167,zul
4168,zul
4169,nso
4170,zul
4171,zul
4172,zul
4173,zul
4174,zul
4175,xho
4176,zul
4177,zul
4178,zul
4179,zul
4180,zul
4181,zul
4182,xho
4183,zul
4184,zul
4185,zul
4186,zul
4187,zul
4188,zul
4189,zul
4190,zul
4191,nso
4192,xho
4193,zul
4194,zul
4195,zul
4196,xho
4197,zul
4198,afr
4199,xho
4200,xho
4201,zul
4202,nso
4203,nso
4204,zul
4205,zul
4206,zul
4207,zul
4208,zul
4209,zul
4210,zul
4211,zul
4212,zul
4213,nbl
4214,zul
4215,zul
4216,zul
4217,zul
4218,zul
4219,xho
4220,zul
4221,zul
4222,zul
4223,zul
4224,zul
4225,zul
4226,zul
4227,zul
4228,zul
4229,zul
4230,zul
4231,zul
4232,zul
4233,tso
4234,zul
4235,zul
4236,zul
4237,zul
4238,zul
4239,zul
4240,afr
4241,nso
4242,zul
4243,zul
4244,zul
4245,zul
4246,zul
4247,xho
4248,zul
4249,zul
4250,zul
4251,zul
4252,zul
4253,zul
4254,zul
4255,zul
4256,zul
4257,zul
4258,zul
4259,xho
4260,zul
4261,zul
4262,zul
4263,nso
4264,zul
4265,zul
4266,zul
4267,zul
4268,zul
4269,zul
4270,xho
4271,zul
4272,zul
4273,xho
4274,zul
4275,zul
4276,zul
4277,zul
4278,xho
4279,zul
4280,zul
4281,zul
4282,zul
4283,zul
4284,zul
4285,zul
4286,zul
4287,zul
4288,xho
4289,xho
4290,zul
4291,zul
4292,zul
4293,zul
4294,zul
4295,xho
4296,zul
4297,zul
4298,zul
4299,zul
4300,zul
4301,zul
4302,nso
4303,zul
4304,zul
4305,nso
4306,afr
4307,zul
4308,afr
4309,zul
4310,zul
4311,zul
4312,zul
4313,zul
4314,zul
4315,afr
4316,zul
4317,zul
4318,zul
4319,zul
4320,zul
4321,zul
4322,zul
4323,zul
4324,zul
4325,xho
4326,nso
4327,xho
4328,sot
4329,zul
4330,zul
4331,zul
4332,zul
4333,zul
4334,zul
4335,zul
4336,zul
4337,zul
4338,zul
4339,zul
4340,zul
4341,zul
4342,zul
4343,zul
4344,zul
4345,zul
4346,zul
4347,zul
4348,xho
4349,zul
4350,afr
4351,zul
4352,zul
4353,zul
4354,xho
4355,xho
4356,zul
4357,zul
4358,zul
4359,zul
4360,zul
4361,zul
4362,sot
4363,afr
4364,zul
4365,sot
4366,zul
4367,zul
4368,zul
4369,zul
4370,zul
4371,xho
4372,zul
4373,zul
4374,zul
4375,zul
4376,zul
4377,zul
4378,zul
4379,zul
4380,zul
4381,ssw
4382,zul
4383,zul
4384,zul
4385,zul
4386,zul
4387,zul
4388,zul
4389,zul
4390,afr
4391,zul
4392,zul
4393,zul
4394,zul
4395,zul
4396,xho
4397,zul
4398,zul
4399,tso
4400,afr
4401,zul
4402,zul
4403,zul
4404,zul
4405,afr
4406,zul
4407,zul
4408,zul
4409,zul
4410,zul
4411,zul
4412,zul
4413,zul
4414,zul
4415,zul
4416,zul
4417,zul
4418,zul
4419,zul
4420,zul
4421,ssw
4422,zul
4423,zul
4424,zul
4425,zul
4426,zul
4427,zul
4428,zul
4429,zul
4430,zul
4431,zul
4432,zul
4433,zul
4434,zul
4435,zul
4436,zul
4437,zul
4438,zul
4439,zul
4440,zul
4441,zul
4442,zul
4443,zul
4444,zul
4445,zul
4446,zul
4447,xho
4448,zul
4449,zul
4450,zul
4451,zul
4452,nbl
4453,zul
4454,zul
4455,zul
4456,zul
4457,zul
4458,zul
4459,zul
4460,zul
4461,nso
4462,zul
4463,zul
4464,zul
4465,zul
4466,zul
4467,zul
4468,zul
4469,zul
4470,zul
4471,zul
4472,afr
4473,zul
4474,nso
4475,zul
4476,zul
4477,nbl
4478,zul
4479,zul
4480,xho
4481,zul
4482,zul
4483,zul
4484,zul
4485,zul
4486,zul
4487,zul
4488,xho
4489,sot
4490,zul
4491,zul
4492,zul
4493,zul
4494,zul
4495,zul
4496,zul
4497,zul
4498,zul
4499,ssw
4500,zul
4501,ssw
4502,xho
4503,zul
4504,zul
4505,sot
4506,zul
4507,xho
4508,zul
4509,zul
4510,zul
4511,zul
4512,zul
4513,xho
4514,zul
4515,xho
4516,zul
4517,xho
4518,zul
4519,zul
4520,zul
4521,zul
4522,zul
4523,zul
4524,zul
4525,zul
4526,zul
4527,zul
4528,zul
4529,zul
4530,xho
4531,zul
4532,zul
4533,zul
4534,zul
4535,zul
4536,zul
4537,zul
4538,zul
4539,zul
4540,zul
4541,zul
4542,zul
4543,zul
4544,zul
4545,zul
4546,zul
4547,zul
4548,zul
4549,zul
4550,zul
4551,zul
4552,zul
4553,zul
4554,zul
4555,xho
4556,xho
4557,zul
4558,zul
4559,zul
4560,zul
4561,zul
4562,zul
4563,zul
4564,sot
4565,zul
4566,zul
4567,sot
4568,zul
4569,zul
4570,zul
4571,zul
4572,zul
4573,afr
4574,zul
4575,ssw
4576,zul
4577,zul
4578,zul
4579,zul
4580,xho
4581,zul
4582,zul
4583,zul
4584,zul
4585,zul
4586,zul
4587,zul
4588,zul
4589,zul
4590,zul
4591,sot
4592,zul
4593,zul
4594,zul
4595,zul
4596,zul
4597,zul
4598,zul
4599,nbl
4600,afr
4601,zul
4602,zul
4603,sot
4604,zul
4605,zul
4606,zul
4607,zul
4608,zul
4609,xho
4610,zul
4611,afr
4612,zul
4613,zul
4614,zul
4615,zul
4616,xho
4617,zul
4618,zul
4619,zul
4620,zul
4621,zul
4622,zul
4623,zul
4624,zul
4625,zul
4626,zul
4627,zul
4628,zul
4629,zul
4630,zul
4631,zul
4632,zul
4633,zul
4634,zul
4635,zul
4636,zul
4637,zul
4638,zul
4639,zul
4640,xho
4641,zul
4642,zul
4643,zul
4644,zul
4645,zul
4646,zul
4647,zul
4648,zul
4649,zul
4650,zul
4651,zul
4652,sot
4653,zul
4654,zul
4655,zul
4656,zul
4657,zul
4658,ssw
4659,zul
4660,zul
4661,zul
4662,zul
4663,zul
4664,zul
4665,afr
4666,zul
4667,zul
4668,zul
4669,zul
4670,xho
4671,zul
4672,zul
4673,zul
4674,zul
4675,xho
4676,xho
4677,zul
4678,zul
4679,zul
4680,zul
4681,xho
4682,zul
4683,zul
4684,zul
4685,zul
4686,zul
4687,zul
4688,zul
4689,zul
4690,zul
4691,xho
4692,zul
4693,zul
4694,zul
4695,zul
4696,zul
4697,zul
4698,zul
4699,zul
4700,ssw
4701,afr
4702,ssw
4703,zul
4704,zul
4705,zul
4706,xho
4707,zul
4708,sot
4709,zul
4710,zul
4711,zul
4712,zul
4713,zul
4714,zul
4715,afr
4716,xho
4717,zul
4718,zul
4719,zul
4720,nbl
4721,afr
4722,zul
4723,zul
4724,zul
4725,zul
4726,zul
4727,zul
4728,zul
4729,zul
4730,zul
4731,zul
4732,xho
4733,zul
4734,zul
4735,xho
4736,xho
4737,zul
4738,zul
4739,zul
4740,zul
4741,zul
4742,zul
4743,zul
4744,zul
4745,ssw
4746,zul
4747,xho
4748,zul
4749,zul
4750,xho
4751,zul
4752,zul
4753,zul
4754,zul
4755,zul
4756,zul
4757,zul
4758,zul
4759,zul
4760,zul
4761,zul
4762,zul
4763,zul
4764,zul
4765,zul
4766,nso
4767,zul
4768,zul
4769,zul
4770,zul
4771,zul
4772,xho
4773,zul
4774,ssw
4775,zul
4776,zul
4777,zul
4778,zul
4779,nbl
4780,xho
4781,zul
4782,zul
4783,zul
4784,zul
4785,zul
4786,tso
4787,xho
4788,zul
4789,zul
4790,zul
4791,zul
4792,zul
4793,nbl
4794,zul
4795,zul
4796,zul
4797,zul
4798,tso
4799,zul
4800,zul
4801,xho
4802,nso
4803,zul
4804,zul
4805,zul
4806,zul
4807,zul
4808,zul
4809,zul
4810,zul
4811,zul
4812,xho
4813,zul
4814,zul
4815,nso
4816,zul
4817,zul
4818,zul
4819,zul
4820,xho
4821,zul
4822,nso
4823,zul
4824,zul
4825,zul
4826,zul
4827,zul
4828,zul
4829,zul
4830,ssw
4831,zul
4832,zul
4833,zul
4834,ssw
4835,zul
4836,zul
4837,zul
4838,xho
4839,zul
4840,xho
4841,zul
4842,zul
4843,zul
4844,xho
4845,xho
4846,zul
4847,zul
4848,zul
4849,zul
4850,xho
4851,zul
4852,zul
4853,zul
4854,zul
4855,zul
4856,xho
4857,zul
4858,zul
4859,zul
4860,zul
4861,zul
4862,zul
4863,ssw
4864,nso
4865,sot
4866,xho
4867,zul
4868,zul
4869,zul
4870,zul
4871,xho
4872,zul
4873,zul
4874,zul
4875,zul
4876,zul
4877,zul
4878,zul
4879,zul
4880,zul
4881,zul
4882,zul
4883,zul
4884,zul
4885,zul
4886,zul
4887,zul
4888,zul
4889,xho
4890,zul
4891,zul
4892,zul
4893,zul
4894,zul
4895,zul
4896,zul
4897,zul
4898,zul
4899,zul
4900,zul
4901,zul
4902,zul
4903,xho
4904,zul
4905,zul
4906,zul
4907,zul
4908,zul
4909,zul
4910,zul
4911,zul
4912,zul
4913,zul
4914,nso
4915,zul
4916,zul
4917,xho
4918,zul
4919,nbl
4920,zul
4921,zul
4922,zul
4923,zul
4924,zul
4925,zul
4926,zul
4927,zul
4928,zul
4929,zul
4930,ssw
4931,zul
4932,zul
4933,zul
4934,zul
4935,zul
4936,zul
4937,zul
4938,zul
4939,zul
4940,zul
4941,zul
4942,zul
4943,ssw
4944,zul
4945,xho
4946,zul
4947,zul
4948,zul
4949,zul
4950,xho
4951,zul
4952,zul
4953,nso
4954,zul
4955,zul
4956,zul
4957,nso
4958,zul
4959,zul
4960,zul
4961,zul
4962,zul
4963,zul
4964,zul
4965,zul
4966,zul
4967,zul
4968,zul
4969,zul
4970,nso
4971,zul
4972,zul
4973,zul
4974,zul
4975,zul
4976,zul
4977,zul
4978,zul
4979,zul
4980,zul
4981,zul
4982,zul
4983,zul
4984,zul
4985,zul
4986,zul
4987,zul
4988,zul
4989,zul
4990,afr
4991,zul
4992,zul
4993,zul
4994,zul
4995,zul
4996,zul
4997,zul
4998,zul
4999,afr
5000,zul
5001,zul
5002,zul
5003,zul
5004,zul
5005,zul
5006,sot
5007,zul
5008,zul
5009,zul
5010,zul
5011,xho
5012,zul
5013,zul
5014,zul
5015,zul
5016,zul
5017,zul
5018,ssw
5019,zul
5020,nso
5021,xho
5022,zul
5023,zul
5024,zul
5025,zul
5026,zul
5027,zul
5028,zul
5029,zul
5030,zul
5031,zul
5032,zul
5033,zul
5034,zul
5035,zul
5036,zul
5037,zul
5038,zul
5039,ssw
5040,zul
5041,ssw
5042,zul
5043,zul
5044,zul
5045,nso
5046,ssw
5047,zul
5048,zul
5049,zul
5050,zul
5051,zul
5052,zul
5053,zul
5054,tso
5055,zul
5056,zul
5057,afr
5058,xho
5059,zul
5060,zul
5061,sot
5062,zul
5063,zul
5064,zul
5065,zul
5066,zul
5067,sot
5068,ssw
5069,zul
5070,zul
5071,afr
5072,zul
5073,zul
5074,ssw
5075,nso
5076,zul
5077,zul
5078,zul
5079,zul
5080,zul
5081,zul
5082,zul
5083,zul
5084,zul
5085,zul
5086,zul
5087,zul
5088,xho
5089,zul
5090,zul
5091,zul
5092,afr
5093,zul
5094,zul
5095,afr
5096,zul
5097,zul
5098,zul
5099,zul
5100,zul
5101,zul
5102,zul
5103,zul
5104,zul
5105,zul
5106,zul
5107,zul
5108,zul
5109,zul
5110,zul
5111,nbl
5112,zul
5113,zul
5114,zul
5115,zul
5116,zul
5117,zul
5118,zul
5119,afr
5120,sot
5121,zul
5122,zul
5123,zul
5124,zul
5125,afr
5126,afr
5127,zul
5128,ssw
5129,zul
5130,xho
5131,zul
5132,zul
5133,ssw
5134,zul
5135,zul
5136,zul
5137,zul
5138,zul
5139,xho
5140,zul
5141,zul
5142,xho
5143,zul
5144,zul
5145,zul
5146,zul
5147,zul
5148,zul
5149,xho
5150,zul
5151,zul
5152,zul
5153,zul
5154,zul
5155,zul
5156,zul
5157,zul
5158,ssw
5159,zul
5160,ssw
5161,zul
5162,zul
5163,zul
5164,zul
5165,zul
5166,zul
5167,zul
5168,zul
5169,zul
5170,zul
5171,nso
5172,zul
5173,zul
5174,zul
5175,zul
5176,zul
5177,zul
5178,zul
5179,zul
5180,zul
5181,zul
5182,zul
5183,zul
5184,zul
5185,zul
5186,zul
5187,zul
5188,zul
5189,zul
5190,zul
5191,zul
5192,zul
5193,zul
5194,zul
5195,zul
5196,zul
5197,zul
5198,zul
5199,zul
5200,zul
5201,zul
5202,nso
5203,zul
5204,zul
5205,zul
5206,zul
5207,zul
5208,zul
5209,zul
5210,zul
5211,zul
5212,zul
5213,zul
5214,zul
5215,nso
5216,xho
5217,zul
5218,zul
5219,zul
5220,zul
5221,zul
5222,zul
5223,zul
5224,xho
5225,zul
5226,zul
5227,zul
5228,zul
5229,ssw
5230,afr
5231,zul
5232,zul
5233,zul
5234,tso
5235,zul
5236,zul
5237,zul
5238,zul
5239,zul
5240,zul
5241,zul
5242,zul
5243,zul
5244,zul
5245,zul
5246,zul
5247,xho
5248,zul
5249,xho
5250,ssw
5251,zul
5252,zul
5253,zul
5254,zul
5255,zul
5256,zul
5257,zul
5258,zul
5259,zul
5260,zul
5261,zul
5262,zul
5263,zul
5264,zul
5265,zul
5266,zul
5267,zul
5268,zul
5269,zul
5270,zul
5271,zul
5272,zul
5273,zul
5274,zul
5275,zul
5276,zul
5277,zul
5278,zul
5279,zul
5280,zul
5281,zul
5282,ssw
5283,nbl
5284,zul
5285,zul
5286,zul
5287,zul
5288,zul
5289,zul
5290,zul
5291,zul
5292,zul
5293,zul
5294,zul
5295,xho
5296,zul
5297,tso
5298,nso
5299,zul
5300,zul
5301,zul
5302,ssw
5303,ssw
5304,zul
5305,xho
5306,zul
5307,zul
5308,zul
5309,nso
5310,zul
5311,xho
5312,zul
5313,xho
5314,zul
5315,zul
5316,zul
5317,xho
5318,zul
5319,zul
5320,zul
5321,xho
5322,zul
5323,zul
5324,zul
5325,zul
5326,zul
5327,zul
5328,zul
5329,zul
5330,xho
5331,zul
5332,zul
5333,zul
5334,zul
5335,zul
5336,zul
5337,zul
5338,zul
5339,zul
5340,zul
5341,zul
5342,xho
5343,zul
5344,zul
5345,zul
5346,zul
5347,zul
5348,xho
5349,zul
5350,zul
5351,zul
5352,zul
5353,zul
5354,ssw
5355,nso
5356,zul
5357,zul
5358,zul
5359,zul
5360,zul
5361,zul
5362,xho
5363,zul
5364,nso
5365,zul
5366,zul
5367,zul
5368,zul
5369,zul
5370,zul
5371,zul
5372,zul
5373,zul
5374,zul
5375,zul
5376,zul
5377,zul
5378,zul
5379,zul
5380,zul
5381,zul
5382,zul
5383,zul
5384,zul
5385,zul
5386,zul
5387,zul
5388,zul
5389,ssw
5390,zul
5391,xho
5392,zul
5393,zul
5394,zul
5395,sot
5396,zul
5397,zul
5398,zul
5399,zul
5400,zul
5401,zul
5402,zul
5403,nso
5404,zul
5405,zul
5406,nbl
5407,zul
5408,zul
5409,zul
5410,xho
5411,zul
5412,zul
5413,zul
5414,zul
5415,zul
5416,zul
5417,zul
5418,zul
5419,afr
5420,zul
5421,zul
5422,zul
5423,zul
5424,zul
5425,sot
5426,zul
5427,zul
5428,zul
5429,zul
5430,zul
5431,xho
5432,zul
5433,zul
5434,zul
5435,zul
5436,zul
5437,zul
5438,xho
5439,zul
5440,zul
5441,zul
5442,zul
5443,ssw
5444,zul
5445,sot
5446,zul
5447,zul
5448,zul
5449,zul
5450,zul
5451,zul
5452,zul
5453,zul
5454,zul
5455,zul
5456,zul
5457,zul
5458,zul
5459,zul
5460,zul
5461,zul
5462,zul
5463,zul
5464,zul
5465,zul
5466,zul
5467,nso
5468,xho
5469,zul
5470,zul
5471,zul
5472,zul
5473,zul
5474,zul
5475,zul
5476,zul
5477,xho
5478,zul
5479,zul
5480,zul
5481,zul
5482,zul
5483,zul
5484,zul
5485,zul
5486,zul
5487,zul
5488,zul
5489,zul
5490,zul
5491,zul
5492,zul
5493,zul
5494,zul
5495,nso
5496,zul
5497,zul
5498,zul
5499,tso
5500,zul
5501,zul
5502,zul
5503,zul
5504,zul
5505,zul
5506,zul
5507,zul
5508,nso
5509,zul
5510,zul
5511,zul
5512,zul
5513,zul
5514,zul
5515,zul
5516,ssw
5517,zul
5518,xho
5519,zul
5520,zul
5521,zul
5522,zul
5523,zul
5524,zul
5525,zul
5526,zul
5527,nso
5528,zul
5529,zul
5530,zul
5531,zul
5532,zul
5533,zul
5534,zul
5535,zul
5536,zul
5537,zul
5538,zul
5539,tso
5540,nbl
5541,zul
5542,zul
5543,xho
5544,zul
5545,zul
5546,zul
5547,zul
5548,zul
5549,zul
5550,zul
5551,nso
5552,zul
5553,zul
5554,zul
5555,zul
5556,zul
5557,zul
5558,zul
5559,zul
5560,sot
5561,zul
5562,zul
5563,zul
5564,zul
5565,afr
5566,nso
5567,zul
5568,zul
5569,zul
5570,zul
5571,zul
5572,zul
5573,zul
5574,sot
5575,zul
5576,zul
5577,zul
5578,zul
5579,zul
5580,zul
5581,zul
5582,zul
5583,zul
5584,zul
5585,zul
5586,zul
5587,zul
5588,zul
5589,zul
5590,zul
5591,zul
5592,zul
5593,zul
5594,zul
5595,zul
5596,zul
5597,zul
5598,zul
5599,nso
5600,zul
5601,zul
5602,zul
5603,zul
5604,zul
5605,zul
5606,zul
5607,zul
5608,sot
5609,xho
5610,nso
5611,zul
5612,zul
5613,zul
5614,zul
5615,zul
5616,zul
5617,zul
5618,zul
5619,zul
5620,zul
5621,zul
5622,zul
5623,zul
5624,zul
5625,zul
5626,xho
5627,zul
5628,zul
5629,zul
5630,zul
5631,zul
5632,ssw
5633,zul
5634,zul
5635,zul
5636,zul
5637,zul
5638,ssw
5639,zul
5640,zul
5641,zul
5642,zul
5643,xho
5644,zul
5645,zul
5646,zul
5647,tsn
5648,zul
5649,zul
5650,zul
5651,zul
5652,zul
5653,zul
5654,sot
5655,zul
5656,zul
5657,zul
5658,zul
5659,zul
5660,ssw
5661,zul
5662,zul
5663,zul
5664,afr
5665,zul
5666,zul
5667,zul
5668,xho
5669,zul
5670,zul
5671,zul
5672,zul
5673,zul
5674,zul
5675,zul
5676,zul
5677,zul
5678,zul
5679,zul
5680,zul
5681,zul
5682,zul
